Username,Email,Password,Role,Services,Pricing,Number_of_Views,Number_of_Shortlists
kimberlylopez,crystalstevens@example.com,Tq4B&HPS8@,Cleaner,"Garage Cleaning, Deep Cleaning",4,81,16
cdunn,regina97@example.com,6c05L3Qg!4,Cleaner,"Residential Cleaning, End of Lease Cleaning",30,149,246
scott54,kennethhopkins@example.org,Z1_S_Kpc*4,Cleaner,"Residential Cleaning, Window Cleaning",41,170,123
michaelgarcia,fknight@example.org,_P1NWVcNim,Cleaner,"Garage Cleaning, Bathroom Cleaning, Office Cleaning",87,43,81
huntjorge,scottanderson@example.org,NxZ1LRBuc%,Cleaner,"Garage Cleaning, Deep Cleaning, Office Cleaning",15,224,30
christopherenglish,pramos@example.net,vcm8zNeH_8,Cleaner,"Window Cleaning, End of Lease Cleaning, Carpet Cleaning, Garage Cleaning",68,19,450
brandonmitchell,danielhuffman@example.com,zQ4L#iGw@_,Cleaner,"Bathroom Cleaning, Garage Cleaning, General Cleaning, Post Construction Cleaning",17,458,195
tiffany72,rebeccahall@example.org,Z)R4Jn#v0h,Cleaner,"Window Cleaning, Deep Cleaning, Post Construction Cleaning, Carpet Cleaning",58,985,44
suzanne05,andrewslisa@example.com,%kr$sNZ^o2,Cleaner,"Carpet Cleaning, Window Cleaning, End of Lease Cleaning",62,9,496
conwayshaun,rlambert@example.org,_KZcD*qU0m,Cleaner,"Residential Cleaning, Post Construction Cleaning, Deep Cleaning, Window Cleaning",41,399,297
jmartin,darrenherrera@example.net,#QT$VKzA^7,Cleaner,"Carpet Cleaning, Bathroom Cleaning",83,949,386
stephaniekennedy,hollowaykimberly@example.com,^+2NLTjgi!,Cleaner,"Bathroom Cleaning, Garage Cleaning, Office Cleaning, Residential Cleaning",90,6,199
hillsteven,kyle50@example.org,p)^20JSh3&,Cleaner,"Deep Cleaning, Window Cleaning, Residential Cleaning",39,917,387
xgraves,wrightdawn@example.org,A_44RPztgp,Cleaner,"Post Construction Cleaning, Window Cleaning, Carpet Cleaning, Deep Cleaning",24,785,26
mvalenzuela,stephaniepetersen@example.net,)2Y9IJxgeJ,Cleaner,"Office Cleaning, Bathroom Cleaning",78,269,217
rachel60,robertwright@example.org,d5_d5VWmDs,Cleaner,"End of Lease Cleaning, Office Cleaning, Bathroom Cleaning",75,861,419
brianwood,jaredmills@example.com,&f5XQlM4&B,Cleaner,"Bathroom Cleaning, Deep Cleaning, General Cleaning, Office Cleaning",56,341,429
lbrown,victor24@example.com,*0VVre!r*@,Cleaner,"Carpet Cleaning, Garage Cleaning",17,667,7
david71,mmason@example.net,Qvj%0Hh_JM,Cleaner,"Office Cleaning, End of Lease Cleaning",59,673,379
wsantiago,carlaanderson@example.org,(J2wiBJs4t,Cleaner,"General Cleaning, Residential Cleaning, Carpet Cleaning, Window Cleaning",62,975,334
evanschloe,shelly56@example.org,xlCEG8YH0_,Cleaner,"Post Construction Cleaning, Residential Cleaning, Carpet Cleaning, Garage Cleaning",24,934,109
wanda99,walkeramanda@example.org,45qmZVSe)i,Cleaner,"Deep Cleaning, Window Cleaning, Carpet Cleaning, Residential Cleaning",61,735,237
kayleedavenport,dwillis@example.net,+4z3UPPy)9,Cleaner,"Window Cleaning, Deep Cleaning, End of Lease Cleaning, General Cleaning",80,942,158
dianeschmidt,thomasryan@example.org,9w8@cEEeP#,Cleaner,"General Cleaning, Residential Cleaning, Office Cleaning, Carpet Cleaning",79,526,405
hernandezelizabeth,michaelcollier@example.com,)4U90qkpH2,Cleaner,"Bathroom Cleaning, Residential Cleaning",44,514,185
heather45,petermorgan@example.com,!B78U+gC^e,Cleaner,"Residential Cleaning, Window Cleaning, Garage Cleaning",25,222,123
garciawayne,lopezstephanie@example.org,QnB)3Aco1M,Cleaner,"Carpet Cleaning, Bathroom Cleaning",79,607,285
sfernandez,amymora@example.net,nM!0TmFt6v,Cleaner,"Carpet Cleaning, End of Lease Cleaning, Office Cleaning, Residential Cleaning",61,89,12
fsanchez,meganjackson@example.com,xWp9X38w$j,Cleaner,"Post Construction Cleaning, Window Cleaning, End of Lease Cleaning",91,514,390
hrussell,rossmelissa@example.org,!J4K)WGxAi,Cleaner,"End of Lease Cleaning, Window Cleaning, Post Construction Cleaning, Bathroom Cleaning",99,443,69
troy89,chasemoore@example.net,me$39EaxN_,Cleaner,"End of Lease Cleaning, Office Cleaning, Deep Cleaning, Residential Cleaning",12,482,438
robert42,nicolereyes@example.net,C6BVJaDc@$,Cleaner,"Office Cleaning, Deep Cleaning",59,149,498
michaelwaters,williamclark@example.com,2C_z20Kf@4,Cleaner,"Bathroom Cleaning, Deep Cleaning, Office Cleaning, Residential Cleaning",27,218,50
shawn77,shieldsshawn@example.org,C&66DlPyje,Cleaner,"Post Construction Cleaning, Deep Cleaning",52,841,202
martinezkimberly,upham@example.com,#$A7SOy#B6,Cleaner,"End of Lease Cleaning, Bathroom Cleaning, Office Cleaning, Garage Cleaning",47,682,20
stephen58,haynesjames@example.net,MbD4CA8l_m,Cleaner,"Garage Cleaning, Residential Cleaning, Office Cleaning",94,732,359
shawndaniels,jennifer62@example.net,V0YSBnMe_O,Cleaner,"End of Lease Cleaning, Garage Cleaning",35,947,292
herreraandrew,harveykaren@example.org,W*2TkRLn(3,Cleaner,"General Cleaning, Office Cleaning",90,369,226
jonathan98,marc73@example.com,59YSB@5j!_,Cleaner,"End of Lease Cleaning, Window Cleaning",88,585,191
mccarthyalejandra,cardenastiffany@example.org,!2xG*$2ufB,Cleaner,"Garage Cleaning, Window Cleaning, Residential Cleaning",45,301,117
robertmorris,riveradennis@example.org,yE34Rmcik(,Cleaner,"Bathroom Cleaning, Garage Cleaning, Carpet Cleaning",31,426,148
michaelhopkins,nyoung@example.com,p8Rqx^nA+L,Cleaner,"Post Construction Cleaning, Carpet Cleaning, Office Cleaning, Garage Cleaning",14,182,349
uknox,wallvictoria@example.net,KdCTc0(X@4,Cleaner,"Garage Cleaning, Bathroom Cleaning, Residential Cleaning",11,103,423
wfrench,mccoyroger@example.com,zHH4sYkc&4,Cleaner,"Deep Cleaning, Post Construction Cleaning, End of Lease Cleaning",78,700,20
laura99,nguyenscott@example.com,&_tOJjrl4Q,Cleaner,"Residential Cleaning, Garage Cleaning, Office Cleaning, Deep Cleaning",32,262,228
schapman,ipena@example.com,ZCz9QHwA)n,Cleaner,"Residential Cleaning, Bathroom Cleaning, Deep Cleaning",86,692,19
youngmarissa,tracy03@example.com,6UJ+S@_m^6,Cleaner,"Carpet Cleaning, Post Construction Cleaning, General Cleaning",36,653,41
colelewis,pamelajohnson@example.com,AlY5lgn4*7,Cleaner,"Post Construction Cleaning, Bathroom Cleaning",64,444,72
angela20,wlong@example.net,b$j0GP0sQG,Cleaner,"Window Cleaning, General Cleaning",6,538,266
cguerrero,jessica57@example.com,f4oxPON_@I,Cleaner,"Post Construction Cleaning, Window Cleaning, Residential Cleaning, Carpet Cleaning",44,839,351
gonzaleskatie,johnadams@example.com,m^(m6qUcPq,Cleaner,"Garage Cleaning, Carpet Cleaning, Office Cleaning, End of Lease Cleaning",68,694,444
claudia13,severett@example.com,VmGStOai)2,Cleaner,"Residential Cleaning, Carpet Cleaning, Deep Cleaning, Post Construction Cleaning",23,638,49
daniel60,michael94@example.net,%*SUNq$ze0,Cleaner,"Post Construction Cleaning, End of Lease Cleaning, General Cleaning",21,365,267
christopherking,teresaalvarez@example.com,ip^14W4mOZ,Cleaner,"Window Cleaning, Post Construction Cleaning, Office Cleaning, Carpet Cleaning",92,776,358
murphyshari,deckerchristina@example.com,cg#3M3nM07,Cleaner,"General Cleaning, Residential Cleaning",14,692,125
wbradford,huffmanjason@example.org,@T9QwPWlW1,Cleaner,"Window Cleaning, Carpet Cleaning",72,673,237
yatesjose,mendozakelly@example.net,*K(v1FkT@*,Cleaner,"General Cleaning, Residential Cleaning",68,469,216
valerie65,pughwilliam@example.com,@821Q7lFl^,Cleaner,"Office Cleaning, Carpet Cleaning, Post Construction Cleaning",61,162,410
kmedina,lewiswilliam@example.org,2&(13OXe3@,Cleaner,"Office Cleaning, Garage Cleaning",69,995,250
loveamber,gabrielasmith@example.net,#+96Dh6ffz,Cleaner,"Deep Cleaning, End of Lease Cleaning, Bathroom Cleaning, Window Cleaning",31,975,41
lisarussell,athomas@example.net,82@Qd5iH&U,Cleaner,"Garage Cleaning, Post Construction Cleaning, Window Cleaning",65,909,62
williamzimmerman,kyleharvey@example.net,*r&1+7OzNB,Cleaner,"Post Construction Cleaning, Garage Cleaning",32,927,361
kristen27,cantrellemily@example.org,_3LeDRN7qV,Cleaner,"End of Lease Cleaning, Deep Cleaning, Garage Cleaning, Office Cleaning",64,855,323
heatherjohnson,josephberry@example.net,a8D8RE!z%5,Cleaner,"Deep Cleaning, Office Cleaning, Window Cleaning",46,192,371
kwhite,jacobhuffman@example.org,wS*4EmSm+X,Cleaner,"Carpet Cleaning, Bathroom Cleaning, Garage Cleaning, Deep Cleaning",36,413,324
michael38,katherinehunter@example.org,I(24XsD&z(,Cleaner,"End of Lease Cleaning, Garage Cleaning, Deep Cleaning",9,411,51
michele35,nicolegallagher@example.org,ZC16nButL(,Cleaner,"Bathroom Cleaning, Garage Cleaning, Carpet Cleaning",85,198,397
gabriel15,pmitchell@example.com,qX)B*TQ+$1,Cleaner,"Post Construction Cleaning, General Cleaning",81,531,496
kelly79,welchjamie@example.org,&9N*DKTv)d,Cleaner,"Deep Cleaning, End of Lease Cleaning",47,83,284
lawsonsteve,mariethomas@example.org,)@JnWbJvE1,Cleaner,"Window Cleaning, Carpet Cleaning, Office Cleaning",18,761,174
nsampson,ckrueger@example.net,*XGw2glPv4,Cleaner,"Deep Cleaning, Office Cleaning, Carpet Cleaning",87,87,491
heather86,cesar22@example.org,Aab1Pqk#@3,Cleaner,"Carpet Cleaning, General Cleaning, Bathroom Cleaning, Post Construction Cleaning",5,48,415
pamelamolina,hurleymichael@example.net,$O8nOMm7r+,Cleaner,"Post Construction Cleaning, General Cleaning",96,58,394
brandonvasquez,nortonkaylee@example.org,_zFKZvwO%9,Cleaner,"Deep Cleaning, Window Cleaning, Garage Cleaning, Bathroom Cleaning",80,890,264
kimberly83,hhill@example.com,(_Ze0GayDa,Cleaner,"Bathroom Cleaning, End of Lease Cleaning",21,92,81
robertsmanuel,helenjones@example.com,_1XCe@9D4o,Cleaner,"Garage Cleaning, Office Cleaning, Residential Cleaning, Deep Cleaning",51,853,278
bcarson,ronaldthomas@example.org,ZNV6&zW1%9,Cleaner,"Residential Cleaning, Bathroom Cleaning, Deep Cleaning, Garage Cleaning",14,787,407
robertbenson,toni18@example.net,4_It9RF2sp,Cleaner,"General Cleaning, Window Cleaning",18,692,441
cnorman,blackashley@example.net,yke3D9RC$5,Cleaner,"Deep Cleaning, Bathroom Cleaning, General Cleaning, Carpet Cleaning",22,341,397
robyn60,twong@example.com,%yZ7#6Tyj&,Cleaner,"Deep Cleaning, Window Cleaning, End of Lease Cleaning",98,885,65
kelseynguyen,teresayates@example.org,M6ZQAw1N!5,Cleaner,"End of Lease Cleaning, General Cleaning, Carpet Cleaning",19,649,229
novakmark,byrdanna@example.net,_Q6%VVy%X!,Cleaner,"Bathroom Cleaning, End of Lease Cleaning",26,780,466
michaeloneal,timothymcfarland@example.com,ah3_1rDb4Y,Cleaner,"End of Lease Cleaning, General Cleaning",19,7,121
tamara83,fosternicholas@example.com,@@_2eIUuj$,Cleaner,"Garage Cleaning, Post Construction Cleaning, End of Lease Cleaning",50,343,394
hernandezkelly,hodgesarah@example.net,!b3WfDso)Z,Cleaner,"Carpet Cleaning, Garage Cleaning",90,99,222
jesus45,martinezdawn@example.org,p(94OHn^)V,Cleaner,"Post Construction Cleaning, Bathroom Cleaning",78,534,144
christophergutierrez,melinda18@example.org,X9qfUso#(d,Cleaner,"Residential Cleaning, General Cleaning, Post Construction Cleaning",61,87,182
skinnerdavid,edward94@example.com,7U7mDx@b!W,Cleaner,"Residential Cleaning, General Cleaning, Carpet Cleaning, Bathroom Cleaning",90,799,259
wisesheri,williamsaustin@example.com,P@8RZZn!cw,Cleaner,"Carpet Cleaning, Deep Cleaning",13,574,256
kevinmartin,herringjason@example.com,ZbcWf5KN)0,Cleaner,"Garage Cleaning, End of Lease Cleaning",16,995,58
inorman,wtaylor@example.org,&70WNz(Qv!,Cleaner,"End of Lease Cleaning, Garage Cleaning, Residential Cleaning, Deep Cleaning",16,582,314
brandigomez,brandi61@example.com,f0nu2T2v$9,Cleaner,"Garage Cleaning, Post Construction Cleaning, Residential Cleaning",5,995,430
janice58,thomasstewart@example.com,9L1ZkIxt$),Cleaner,"Post Construction Cleaning, General Cleaning, Garage Cleaning",61,15,295
tonyabyrd,sarah75@example.net,#ZBl#0tT04,Cleaner,"Residential Cleaning, Bathroom Cleaning",9,862,11
jacksonnathaniel,bellrussell@example.net,6s7Q+Zu1$*,Cleaner,"Post Construction Cleaning, Bathroom Cleaning, Carpet Cleaning, Garage Cleaning",11,930,7
clozano,wilsonlisa@example.org,+rdWu!^wp1,Cleaner,"Carpet Cleaning, Garage Cleaning",1,758,366
helenboyle,shane08@example.org,3$XbFRgd+5,Cleaner,"Office Cleaning, General Cleaning, Carpet Cleaning, Post Construction Cleaning",95,653,438
dwright,charles58@example.org,@b87^P(qF7,Cleaner,"Office Cleaning, Window Cleaning, General Cleaning",72,881,162
becky58,tamara67@example.com,v8M2NqQs!1,Cleaner,"Carpet Cleaning, Window Cleaning, End of Lease Cleaning, Residential Cleaning",82,103,19
wpratt,robertshaw@example.org,!#7B)eOkm4,Cleaner,"Bathroom Cleaning, Deep Cleaning",39,178,190
