Username,Email,Password,Address,Role
shelby42,acostacynthia@example.com,$a82NxES$L,"860 Donald Groves Apt. 732
Colefurt, NY 70374",Homeowner
jodyphillips,carl89@example.com,Iz@79NJyF*,"6722 Scott Trace Suite 204
Dixonfort, VI 68270",Homeowner
melissaking,heather01@example.com,WY3YYiLk(9,"794 Derek Glens
Johnfurt, NH 01325",Homeowner
philipsandoval,owhite@example.org,1B)CKj@Q!7,"665 Manuel Rapids
East Sabrina, ID 70607",Homeowner
randall20,millerchristopher@example.com,5oK$rgys&v,"60184 Stephens Radial
East Jennifer, MH 20737",Homeowner
ysimmons,tschultz@example.net,O0Y7D5uX_V,"6902 Anthony Curve
South Patricia, NY 38570",Homeowner
wleon,jamesbrandt@example.org,(7AJw0CTEe,"32600 Kathryn Plaza
North Jessicaberg, PW 26836",Homeowner
reevesmichael,bwallace@example.com,&6D9WpdOar,"9376 Charles Mountain Apt. 011
Williamville, MA 43697",Homeowner
zimmermanmark,rali@example.net,oIr9Fvn*)9,"Unit 6552 Box 7372
DPO AA 55255",Homeowner
misty90,millerkristen@example.net,+U8xYj)Xk6,"397 Robinson Curve Apt. 031
North Kevin, HI 23091",Homeowner
simpsondevin,grace72@example.net,)+2QWH_zP3,"6470 Ellis Port Apt. 434
Bradshawmouth, AR 13393",Homeowner
rossamy,reevesmark@example.com,_0jjUqHbMB,"23157 Brent Ridges
Williamton, MI 28556",Homeowner
whitelinda,ipruitt@example.com,&n^4IfRwFf,"91062 Barron Forges Suite 947
Jacobfurt, LA 95610",Homeowner
pchen,brooksmichael@example.net,%2uREL_$6o,"4095 Elizabeth Ridges Apt. 239
Port Collinton, UT 85864",Homeowner
qflores,michael02@example.org,#91Q1Fgn19,"080 Martinez Gardens Apt. 906
Singhbury, NM 23521",Homeowner
rrosales,coffeykayla@example.net,t@SSCzaE@1,"3871 Alyssa Landing Apt. 752
East Danielle, GU 38959",Homeowner
fryealexander,zturner@example.org,An50IWbwn#,"3350 Linda Mission
Tammyville, CT 44135",Homeowner
yrose,ssummers@example.net,*T_71HFr84,"2526 Jean Manors Apt. 325
Port Nicolemouth, IN 83852",Homeowner
nicholas80,stephengarcia@example.org,!T7bp!Gelh,"102 Spencer Summit Suite 229
West Jasonbury, GA 25181",Homeowner
brianhill,ryantaylor@example.net,(js4pJfB@j,"1167 Jon Courts
North Tracy, ND 60024",Homeowner
leroy20,williamsmario@example.net,Eq+PH7Tbx@,"5406 Barton Route Apt. 712
Mooreville, LA 86015",Homeowner
scott06,powellcourtney@example.com,m)VB1JaVrV,"USS Huerta
FPO AE 31077",Homeowner
rcoleman,phamlucas@example.org,_*6LdheWmD,"855 Austin Shoals
Josephtown, WY 37392",Homeowner
njohnson,margaret71@example.org,^9ECG%*xTw,"04651 Richardson Extension
Elizabethmouth, NC 22517",Homeowner
lschmidt,nsmith@example.net,+4^DBUXx4W,"850 Steven Terrace Suite 395
North Larrybury, VI 86478",Homeowner
amanda46,hdawson@example.net,WgXdlawG)0,"34905 Harris Wall
East Brendashire, MI 72229",Homeowner
lori37,bradley80@example.org,$6EQp_Hn88,"90584 William Center
Timothyburgh, TN 02818",Homeowner
whitesara,fordpaul@example.net,&IAeRjd9$3,"PSC 2101, Box 3242
APO AE 49715",Homeowner
rmartinez,valeriezamora@example.org,&!z82wOljG,"5576 Adams Light
Wilsonberg, AR 90883",Homeowner
trujillovictoria,jamie70@example.org,%vQlbOlI$3,"9212 Jacob Unions
Benjaminfort, MS 20101",Homeowner
tgarrison,ljackson@example.net,&tfpJb9p*1,"41838 Gomez Unions
Port Cindy, IA 22853",Homeowner
laurie44,jonathanlee@example.com,)_Rjfwj%0L,"9018 Mcmillan Brooks
East Kenneth, MS 83347",Homeowner
justin68,michellecampbell@example.net,^_Z9CzNqpe,"5143 Cynthia Harbor Suite 420
Leeview, AR 80544",Homeowner
spencerallison,qmendez@example.com,Eb6Rjlb3#x,"483 Stephanie Fords Suite 848
Amyville, MH 66603",Homeowner
thompsondavid,kmolina@example.com,n23W*aPZ#T,"324 Walker Bridge Suite 292
Fowlermouth, LA 05831",Homeowner
jack46,desparza@example.net,aT1*5JzNd*,"3042 Sampson Forest Suite 583
Loganfort, NC 13177",Homeowner
martinpatricia,umorgan@example.org,w_6fK7Wt3m,"Unit 4657 Box 7023
DPO AP 68742",Homeowner
oedwards,joy14@example.org,F)c6UoTae(,"371 Raymond Hills
Madelinehaven, WI 61389",Homeowner
jallen,jamesjim@example.net,!FUAxTdv!2,"1061 Jessica Union
Port Jamie, PR 93248",Homeowner
xturner,hartjason@example.com,_s5EQpMo66,"958 Tracey Stream Apt. 753
Port Willieshire, MO 39763",Homeowner
lburnett,kferrell@example.net,j6UBDcFv^5,"65162 Stark Avenue
Aguirreview, FM 25327",Homeowner
melanieacosta,barbaramitchell@example.net,h1m58AwJ$&,"094 Bradley Plains Suite 281
Daniellemouth, PR 59142",Homeowner
shane68,angelahatfield@example.com,od!7&YlZ^T,"410 Samuel Viaduct
Stephaniechester, OH 95474",Homeowner
jesus76,wblake@example.org,kd5YRmot@&,"0385 Harvey Tunnel Suite 647
Gonzalezville, FM 41312",Homeowner
smithmargaret,stephaniedoyle@example.net,@z4@KweY30,"88881 Thompson Crescent
South Frederickfurt, PA 81519",Homeowner
frymelissa,clarkbeverly@example.net,Z311dThSk^,"30667 Alison Park Suite 706
Anaside, PA 25609",Homeowner
williamperry,sotojames@example.net,Ud$S2C+xU#,"672 Rebecca Dale Suite 172
Mayerview, OR 18202",Homeowner
aharrell,ray95@example.com,&1LeL+TqVc,"140 Gray Ramp Suite 616
Nicholasfurt, PR 94915",Homeowner
anthonyjenkins,jessica22@example.net,mR8DRbig*I,"127 Melissa Plain
East Brittany, MD 32911",Homeowner
cwilson,icook@example.org,d6tehPZl@8,"81007 Benjamin Point Apt. 241
Lake Andrewchester, MI 62743",Homeowner
ybrennan,ypaul@example.org,(N3XgsS+pc,"PSC 4321, Box 5620
APO AA 53042",Homeowner
justin10,ochang@example.com,2gXcFQ1Z^c,"789 Maria Trace
Leonardchester, TN 04219",Homeowner
wwright,camachonicole@example.net,UP#44Fwy@0,"1752 Ryan Forks
Jenniferchester, MT 74049",Homeowner
robbinsrobert,mason04@example.net,dEU_8Uof@o,"704 Holly Crossroad
Cordovamouth, FL 92883",Homeowner
amy27,bbryant@example.org,l)9HVLzs1i,"4759 Gabriella Crescent
North Michaeltown, ME 38987",Homeowner
zacharyburke,xburgess@example.com,#BKZ2Kzxp1,"425 Johnson Rue
Timothyberg, NC 73875",Homeowner
chad65,meyertony@example.com,djqX2Zbfe@,"59638 Sandra Trace
South Lauren, NY 82074",Homeowner
kimberly69,gregorylaura@example.org,#%2fEr$msZ,"90678 Samuel Valley Apt. 043
Port Michael, CT 99513",Homeowner
alan47,ghoffman@example.com,($P2ZB_fPR,"84207 Stephanie Trail Suite 705
West Justinton, NY 83015",Homeowner
larrysmith,anthonyfreeman@example.org,69G(H10e@m,"2143 Wong Circles Apt. 897
Lake Kristenshire, MA 57320",Homeowner
qjoseph,shortashley@example.net,Q!8c9Fon2D,"USNS Morris
FPO AP 89063",Homeowner
michael28,stanley28@example.org,z!C$azHE$3,"PSC 8290, Box 9681
APO AA 79315",Homeowner
april75,qsnow@example.com,nLs96U#l2(,"93251 Michael Locks Suite 440
Carpenterton, AZ 23214",Homeowner
rwheeler,hchapman@example.com,#98AUcvw^!,"3765 Arellano Mountain
West Christina, MH 22766",Homeowner
angelahartman,johnhuang@example.net,)1VL3nFoNQ,"27939 Romero Road Suite 904
East Ryanfort, HI 52572",Homeowner
tflowers,smithandrew@example.com,f5GS_2by@+,"78460 Miller Flats
Lewistown, VT 34095",Homeowner
hharvey,rodneyhoward@example.org,$9!@K8C4dA,"12094 Clark Canyon
Craigborough, AR 67907",Homeowner
schultzeugene,jeffrey99@example.com,#hUTFDkZ3b,"Unit 7133 Box 1004
DPO AE 62836",Homeowner
toddvaldez,kristabarnes@example.com,N1L(8xj##m,"860 Tran Ville Apt. 377
Rileytown, TX 35411",Homeowner
moorematthew,fking@example.org,+gCO@&Ix22,"PSC 8000, Box 2644
APO AE 44358",Homeowner
nathaniel64,gregoryclark@example.com,A56OzJxC+v,"4643 Norris Road Suite 366
Lake Stephaniefort, TX 62996",Homeowner
boothtammy,qgarcia@example.org,I$S(0A0u5c,"USCGC Welch
FPO AP 16997",Homeowner
gabriellecampbell,martinjennifer@example.org,1^_1Vsku0P,"9621 Amanda Spurs
Donaldsonhaven, VT 23281",Homeowner
zwood,kristina56@example.net,)76GEMA%vy,"58521 Garcia Ways Apt. 856
Angelaborough, OK 69419",Homeowner
ashleyrodriguez,austinhansen@example.com,9fr10GHhT#,"427 Hudson Lights
North Johnberg, MH 56532",Homeowner
johnsonapril,walterdavis@example.com,^8UranlR(!,"06998 Kirby Burg Apt. 547
East Laurietown, LA 11772",Homeowner
sarah12,montoyatyler@example.com,x6WFlpnq#g,"522 Courtney Wells
North Justinside, PA 46145",Homeowner
oconnorrobyn,jimeneznicole@example.net,cqo2GOmq)S,"7165 Sydney Coves
Thompsonfort, DC 05889",Homeowner
wilsonbarbara,ghanna@example.net,A_j%4FFxLq,"USS Williams
FPO AA 61712",Homeowner
patrickkevin,hansenvicki@example.com,DX2)S)Leq%,"223 Carlson Drives
Deborahtown, NY 92323",Homeowner
denise79,gwalker@example.com,!2CcVJ#jHI,"24137 Richard Ramp
Pamelabury, SC 56120",Homeowner
johnsonjoseph,ygoodman@example.com,RH0Y_kup&7,"USNS Clark
FPO AE 33801",Homeowner
thomashawkins,sean93@example.net,a&DJ5je1tO,"6834 Williams Forks Apt. 332
Davischester, MD 77636",Homeowner
mthornton,jbennett@example.net,@Nc1UgNkD4,"62395 Megan Ridges Apt. 904
East Christina, NJ 57134",Homeowner
stephenbell,garciasandra@example.com,^GH7nf$jl_,"Unit 3278 Box 6866
DPO AA 83595",Homeowner
cynthiafowler,herreramindy@example.net,%86^0TcFFj,"1396 Daniel View
New Mistyfurt, TX 80064",Homeowner
amber13,wrightthomas@example.com,+s20J(H&o%,"98683 Norris Underpass Apt. 221
Halemouth, IA 30977",Homeowner
johnsontimothy,guymorgan@example.net,%5(UKm9XwN,"04998 Curtis Ports
North Erika, WA 96736",Homeowner
hkelly,ricky17@example.net,+HP5IEbuHc,"9597 Wiley Harbors
Lake Amyfurt, FL 48132",Homeowner
brittanyfritz,vvaldez@example.org,%rp2rQnuyM,"376 Mandy Mission Suite 297
Lewisland, WA 92025",Homeowner
fisherchristopher,travisbaird@example.org,4!AA7WarpC,"75309 Cory Extension
North Marissa, MS 42493",Homeowner
qduncan,higginssean@example.org,Ji2^F&j)+m,"537 Soto Landing
Lake Christopher, MH 77992",Homeowner
dmccarthy,tammywalker@example.com,+4P)_dpA%k,"09336 Wiggins Drives Apt. 525
Lake Dennis, GU 81019",Homeowner
betty56,paultravis@example.com,doH(Lt0m@7,"518 Nichols Isle Suite 225
Johnberg, LA 50332",Homeowner
aarroyo,iconley@example.net,hh*L1Cr9X*,"9418 Patricia Mountains Suite 045
North Melissa, WV 79550",Homeowner
gbarker,sullivanmichael@example.net,(a2Hb5stqD,"1117 Lisa Springs Apt. 157
Harpermouth, IN 22183",Homeowner
nwilliams,rlopez@example.com,&UQZ&k1tf6,"0804 King Extensions Apt. 250
Staffordhaven, MS 67524",Homeowner
mooremaria,svillarreal@example.com,Jj3(5&DqYR,"37698 Diana Underpass
Tanyaland, GU 83703",Homeowner
blackricky,belldominique@example.com,k^*p6$YgSZ,"3348 Woodward Islands
Courtneyhaven, MN 31561",Homeowner
gregory27,luis18@example.net,55LFMe%s*5,"40818 Alicia Corners
East James, ND 38001",Homeowner
