Username,Email,Password,Role
harrycosta,pamclark@example.com,+_(1wNcr9%,User Admin
hallsarah,pdawson@example.net,H6EHYX_f)h,User Admin
lawrencejoshua,williamsjames@example.org,$2W4H*Kfac,User Admin
swarner,david24@example.net,X6gVB5H2(v,User Admin
murraydaniel,tiffanyjones@example.org,!Y1Mxk3Z6^,User Admin
william75,francisjeffrey@example.com,nxw48BV7H!,User Admin
dustin99,jonathancallahan@example.com,^2SIHuR)QK,User Admin
williamselizabeth,mcculloughroberto@example.org,_7)fxZtq0x,User Admin
karla70,millereric@example.com,8lDVEuy_(D,User Admin
angela07,lmckinney@example.net,Z1FwgmMp^x,User Admin
manuellopez,mccarthylindsay@example.net,j%w6N(ot_7,User Admin
daniel76,athomas@example.org,F18JutGaa_,User Admin
mjohnson,palmerstephen@example.net,m+77NFqmJv,User Admin
nbonilla,ssingh@example.com,b#6X4RXwPu,User Admin
mitchell91,milesadrienne@example.com,7JY%N#dU_g,User Admin
ubrooks,ukerr@example.net,B@h5xIxoW*,User Admin
sfranklin,atkinsonjohn@example.org,!$oWs1Tt%J,User Admin
hernandezwalter,rebeccabrown@example.com,^5$Tzm&!1V,User Admin
reillyjack,jamie99@example.com,8mzuPOqL_w,User Admin
pharris,lowebrittany@example.net,*2QLrBA*1s,User Admin
smithjose,gmendez@example.net,45tHcq8Y!u,User Admin
brownrichard,vcantrell@example.org,*0R%F_zn_*,User Admin
nicoleortega,farmstrong@example.org,nTQKcC4a!9,User Admin
hendricksmary,tony66@example.org,r8Mz@H#r*d,User Admin
lindsey37,brandon32@example.org,yQ#4Ja*Ntc,User Admin
karenmiles,zmcclure@example.com,%5&bVQnvS@,User Admin
ismith,judy87@example.net,fh8F&ejF@4,User Admin
rodriguezkenneth,aaron90@example.net,kW@R6Ljn!J,User Admin
jacquelinepage,william11@example.org,S9qQYC+g%7,User Admin
brandy50,courtneyprice@example.net,q)9gEV(l(c,User Admin
heatherblack,millerrandy@example.org,*4LlBFDhyY,User Admin
qbarnes,danielthompson@example.com,)*wBNYAVk9,User Admin
elliottdaniel,yconner@example.com,@OyhCfwx2L,User Admin
conradanne,danielle13@example.org,6%z632Fae&,User Admin
jimmy33,zimmermantina@example.net,NoK0eHkIc_,User Admin
karen84,hutchinsonveronica@example.net,#^8JEhXat1,User Admin
donnacollins,austin60@example.com,g92ZNB$v#F,User Admin
adriennebarker,theodore74@example.org,2sO@1Gr7!S,User Admin
reneelopez,powelljason@example.net,_O%2D@Jm*%,User Admin
ccruz,samantha82@example.org,N#9oRUchKM,User Admin
ntownsend,valdezmartha@example.com,g)9!Qifc0b,User Admin
kathleenhawkins,hubbardsean@example.net,c&F4Oe_Tx&,User Admin
nashlaura,fsanchez@example.com,Gb5Edi_6&a,User Admin
hweber,kknox@example.net,%6ZmX7D(ll,User Admin
higginsluis,andreacontreras@example.org,jnA*75Ata*,User Admin
rebecca65,nicholecox@example.com,Ll#V4Bl8(0,User Admin
curtis52,kdixon@example.net,Ys%0@TwQ!j,User Admin
wlowe,jasontorres@example.com,S!9#G3x0J&,User Admin
natasha50,denise74@example.net,(f$2@NfpYJ,User Admin
amiller,steven17@example.org,Y*aO9DbjLj,User Admin
dawn69,thomas97@example.org,6ix5J3Dg!r,User Admin
jwilliams,martinezlauren@example.com,rTqEQOv8+5,User Admin
hburton,smithhannah@example.org,*755uHb8UZ,User Admin
vschmidt,nicholasmoore@example.net,&3MOEibz8G,User Admin
pstanton,martinezjustin@example.com,CM$x(^ee)8,User Admin
barkeradrienne,burchkelsey@example.com,!9BzjMxqew,User Admin
antoniomiller,catherinedavis@example.com,V$e)6A&rWa,User Admin
benjamin26,brian95@example.com,_0v6Ngpklz,User Admin
robert70,paula03@example.com,t)O5_@jU#3,User Admin
jeffreywilliams,jsanders@example.org,O&6%L8Ir!&,User Admin
stephanie74,garciacrystal@example.org,%@aIQ_pNF4,User Admin
karenboyle,sean85@example.net,$!7$%Gd!JP,User Admin
vmcfarland,jacobgilbert@example.com,G$MF4u0iOF,User Admin
ssmith,angelamorton@example.org,!i@2SYxRrc,User Admin
johnathanwilliams,patriciahuff@example.net,iSJ9qIvh(0,User Admin
patriciaflores,kimberlycollins@example.org,aLU1e+T&_2,User Admin
ameadows,curtis44@example.com,O0N9M0hx&3,User Admin
linda87,archerrebecca@example.org,RU)8Mh_q7&,User Admin
lauren26,xbrady@example.org,m5eAbFsD+L,User Admin
martinelizabeth,williamcallahan@example.net,5txWsRce$5,User Admin
carterrobert,davidjohnson@example.net,I!*R1HVutp,User Admin
harriskristin,ppierce@example.com,N92xWNQr$2,User Admin
kimberlyterry,briandean@example.org,Gc%3FZdE*A,User Admin
yreyes,taylor91@example.net,*A5mPQHaP%,User Admin
bjohnson,natalierogers@example.org,*+B084Ob3E,User Admin
jenniferpatterson,sjohnson@example.org,+9CWyK!4wP,User Admin
brian68,blong@example.com,vHL4_uXi&c,User Admin
lisa84,sharimelton@example.net,Vi1Dz6L7I_,User Admin
zmacias,gcosta@example.net,!T)QQ4WuBg,User Admin
gorr,collinskristen@example.org,07Uzq1dp$5,User Admin
murphyamanda,osmith@example.net,+lFghAlof5,User Admin
gwilson,tylerestrada@example.net,(8Z(X2Om1P,User Admin
aaronortega,fritztina@example.org,)iC6O3$l##,User Admin
kelseyarellano,bradley51@example.org,1!56x^IlPq,User Admin
ztaylor,rodriguezgabriel@example.org,)7OvA2wwJY,User Admin
oliviavalencia,matthew24@example.net,Ws1+9BiDfK,User Admin
qperkins,qsmith@example.org,xSp4mTu*4$,User Admin
dennislandry,juliaaustin@example.org,^7%w9JLuIX,User Admin
brittanyjackson,ikelley@example.org,G*39MBId7^,User Admin
ywilliams,clarksara@example.org,(vRtxkm24!,User Admin
kristin06,frankperez@example.net,K7+MP2Tr@H,User Admin
mcdonaldtroy,jimmyjohnson@example.org,*YVxjNU1H4,User Admin
andersonwhitney,stephanieoliver@example.com,h^5OAox$bI,User Admin
gmoore,zachary04@example.net,R)lm5*WfZt,User Admin
julie02,williamstony@example.net,EX5b*AHo$v,User Admin
aadams,charles27@example.com,&O37WIlCU+,User Admin
gutierrezphyllis,angeladunn@example.net,&z4E3qzoRz,User Admin
sandra36,sarah96@example.org,v5IJ28Xx+&,User Admin
swood,ychapman@example.com,_IP1YYQa1N,User Admin
andersondaniel,michaeltrevino@example.org,a&0Iwk!wPg,User Admin
